{"cameraMode":{"drawMode":0,"name":"Shaded","section":"Shading Mode"},"sceneLighting":false,"audioPlay":false,"sceneViewState":{"showFog":true,"showMaterialUpdate":false,"showSkybox":false,"showFlares":true,"showImageEffects":true,"showParticleSystems":true},"in2DMode":false,"pivot":{"x":-3.180197238922119,"y":-0.2707996070384979,"z":-0.7644801139831543},"rotation":{"x":0.04660128057003021,"y":-0.6930306553840637,"z":0.04497511312365532,"w":0.7180205583572388},"size":2.782000780105591,"orthographic":false}