{"cameraMode":{"drawMode":0,"name":"Shaded","section":"Shading Mode"},"sceneLighting":false,"audioPlay":false,"sceneViewState":{"showFog":true,"showMaterialUpdate":false,"showSkybox":false,"showFlares":true,"showImageEffects":true,"showParticleSystems":true},"in2DMode":false,"pivot":{"x":-5.560144424438477,"y":0.96566241979599,"z":-17.811403274536134},"rotation":{"x":-0.11161533743143082,"y":-0.6592647433280945,"z":0.10292641073465347,"w":-0.7372451424598694},"size":0.8660253882408142,"orthographic":false}