{"cameraMode":{"drawMode":0,"name":"Shaded","section":"Shading Mode"},"sceneLighting":false,"audioPlay":false,"sceneViewState":{"showFog":true,"showMaterialUpdate":false,"showSkybox":false,"showFlares":true,"showImageEffects":true,"showParticleSystems":true},"in2DMode":false,"pivot":{"x":-0.4601263403892517,"y":0.6358704566955566,"z":-23.870925903320314},"rotation":{"x":0.029537025839090349,"y":-0.9650845527648926,"z":0.23724298179149629,"w":0.11058665066957474},"size":2.1669039726257326,"orthographic":false}