{"cameraMode":{"drawMode":0,"name":"Shaded","section":"Shading Mode"},"sceneLighting":false,"audioPlay":false,"sceneViewState":{"showFog":true,"showMaterialUpdate":false,"showSkybox":false,"showFlares":true,"showImageEffects":true,"showParticleSystems":true},"in2DMode":false,"pivot":{"x":-8.399999618530274,"y":0.25,"z":-19.299999237060548},"rotation":{"x":-0.21265189349651338,"y":0.14427289366722108,"z":-0.029711050912737848,"w":-0.9663753509521484},"size":0.34263449907302859,"orthographic":false}