{"cameraMode":{"drawMode":0,"name":"Shaded","section":"Shading Mode"},"sceneLighting":false,"audioPlay":false,"sceneViewState":{"showFog":true,"showMaterialUpdate":false,"showSkybox":false,"showFlares":true,"showImageEffects":true,"showParticleSystems":true},"in2DMode":false,"pivot":{"x":-0.6971256732940674,"y":1.0616474151611329,"z":-23.185930252075197},"rotation":{"x":-0.06277629733085633,"y":-0.708664059638977,"z":0.06693375110626221,"w":-0.7004187703132629},"size":0.1098678708076477,"orthographic":false}