{"cameraMode":{"drawMode":0,"name":"Shaded","section":"Shading Mode"},"sceneLighting":false,"audioPlay":false,"sceneViewState":{"showFog":true,"showMaterialUpdate":false,"showSkybox":false,"showFlares":true,"showImageEffects":true,"showParticleSystems":true},"in2DMode":false,"pivot":{"x":-2.390244960784912,"y":1.1143780946731568,"z":-16.815793991088868},"rotation":{"x":-0.010854311287403107,"y":0.9885872006416321,"z":-0.13950501382350923,"w":-0.0642920434474945},"size":0.8660253882408142,"orthographic":false}