{"cameraMode":{"drawMode":0,"name":"Shaded","section":"Shading Mode"},"sceneLighting":false,"audioPlay":false,"sceneViewState":{"showFog":true,"showMaterialUpdate":false,"showSkybox":false,"showFlares":true,"showImageEffects":true,"showParticleSystems":true},"in2DMode":false,"pivot":{"x":0.05077038332819939,"y":1.3097978830337525,"z":0.24817849695682527},"rotation":{"x":0.02928006835281849,"y":0.029978692531585695,"z":-0.0013854074059054256,"w":0.9993022084236145},"size":1.3219987154006959,"orthographic":false}