{"cameraMode":{"drawMode":0,"name":"Shaded","section":"Shading Mode"},"sceneLighting":false,"audioPlay":false,"sceneViewState":{"showFog":true,"showMaterialUpdate":false,"showSkybox":false,"showFlares":true,"showImageEffects":true,"showParticleSystems":true},"in2DMode":false,"pivot":{"x":-8.667106628417969,"y":2.1556396484375,"z":-21.848087310791017},"rotation":{"x":-0.26303815841674807,"y":-0.128549262881279,"z":0.037472594529390338,"w":-0.9558695554733276},"size":0.34263449907302859,"orthographic":false}