{"cameraMode":{"drawMode":0,"name":"Shaded","section":"Shading Mode"},"sceneLighting":false,"audioPlay":false,"sceneViewState":{"showFog":true,"showMaterialUpdate":false,"showSkybox":false,"showFlares":true,"showImageEffects":true,"showParticleSystems":true},"in2DMode":false,"pivot":{"x":-8.163322448730469,"y":-0.6799487471580505,"z":7.504617214202881},"rotation":{"x":0.03626473993062973,"y":-0.8078815340995789,"z":0.0506233386695385,"w":0.5861988663673401},"size":10.950531005859375,"orthographic":false}