{"cameraMode":{"drawMode":0,"name":"Shaded","section":"Shading Mode"},"sceneLighting":false,"audioPlay":false,"sceneViewState":{"showFog":true,"showMaterialUpdate":false,"showSkybox":false,"showFlares":true,"showImageEffects":true,"showParticleSystems":true},"in2DMode":false,"pivot":{"x":-7.160109996795654,"y":1.651967167854309,"z":-18.88035774230957},"rotation":{"x":0.21615959703922273,"y":0.6959471702575684,"z":-0.23757913708686829,"w":0.643093466758728},"size":0.40986740589141848,"orthographic":false}