{"cameraMode":{"drawMode":0,"name":"Shaded","section":"Shading Mode"},"sceneLighting":true,"audioPlay":false,"sceneViewState":{"showFog":true,"showMaterialUpdate":false,"showSkybox":false,"showFlares":true,"showImageEffects":true,"showParticleSystems":true},"in2DMode":false,"pivot":{"x":0.10059952735900879,"y":-0.04486488550901413,"z":0.7710371017456055},"rotation":{"x":0.0031500349286943676,"y":-0.9956691265106201,"z":0.08265901356935501,"w":0.043918393552303317},"size":0.18339207768440247,"orthographic":false}