{"cameraMode":{"drawMode":0,"name":"Shaded","section":"Shading Mode"},"sceneLighting":false,"audioPlay":false,"sceneViewState":{"showFog":true,"showMaterialUpdate":false,"showSkybox":false,"showFlares":true,"showImageEffects":true,"showParticleSystems":true},"in2DMode":false,"pivot":{"x":-6.5038557052612309,"y":0.9200348854064941,"z":-19.117246627807618},"rotation":{"x":0.2955152690410614,"y":0.6829721927642822,"z":-0.36353033781051638,"w":0.5613330602645874},"size":0.7587054371833801,"orthographic":false}